origin,colony,dest,origin_dest,time,trt,grate,wkgrate,ylossnorm,totchl,"survival (1=y,0=dead)",6 bleach/dead score,min,mean,dr90,mmm,dtr,maxdtr,days31,days32,inDHW,nightDHW,CRWDHW,inDHM
HV,HVA,HV,HV_HV,1,1,0.015,0.064,0.357,8.823347995,1,NA,26.54,28.11,2.71,31.37,1.17,3.02,9,4,0,0,0,0.310857143
HV,HVA,HV,HV_HV,1,0,0.018,0.085,0.075,19.66102706,1,NA,26.54,28.11,2.71,31.37,1.17,3.02,9,4,0,0,0,0.310857143
HV,HVA,MV,HV_MV,1,1,0.014,0.218,0.512,12.53285067,1,NA,26.98,28.2,2.27,31.12,1.29,3.5,14,3,0,0,0,0
HV,HVA,MV,HV_MV,1,0,0.008,0.16,0.014,18.82287557,1,NA,26.98,28.2,2.27,31.12,1.29,3.5,14,3,0,0,0,0
HV,HVB,HV,HV_HV,1,1,0.013,0.063,0.483,5.432982354,1,NA,26.54,28.11,2.71,31.37,1.17,3.02,9,4,0,0,0,0.310857143
HV,HVB,HV,HV_HV,1,0,0.015,0.055,0.046,23.61983849,1,NA,26.54,28.11,2.71,31.37,1.17,3.02,9,4,0,0,0,0.310857143
HV,HVB,MV,HV_MV,1,1,0.042,0.21,0.616,2.191889449,1,NA,26.98,28.2,2.27,31.12,1.29,3.5,14,3,0,0,0,0
HV,HVB,MV,HV_MV,1,0,0.018,0.118,0.035,23.72150711,1,NA,26.98,28.2,2.27,31.12,1.29,3.5,14,3,0,0,0,0
HV,HVC,HV,HV_HV,1,1,0.024,0.09,0.453,1.895749949,1,NA,26.54,28.11,2.71,31.37,1.17,3.02,9,4,0,0,0,0.310857143
HV,HVC,HV,HV_HV,1,0,0.005,0.089,0.033,18.45794716,1,NA,26.54,28.11,2.71,31.37,1.17,3.02,9,4,0,0,0,0.310857143
HV,HVC,MV,HV_MV,1,1,0.028,0.068,0.389,0.776140336,1,NA,26.98,28.2,2.27,31.12,1.29,3.5,14,3,0,0,0,0
HV,HVC,MV,HV_MV,1,0,0.016,0.228,-0.01,19.52012349,1,NA,26.98,28.2,2.27,31.12,1.29,3.5,14,3,0,0,0,0
HV,HVD,HV,HV_HV,1,1,0.01,0.093,0.514,5.151569675,1,NA,26.54,28.11,2.71,31.37,1.17,3.02,9,4,0,0,0,0.310857143
HV,HVD,HV,HV_HV,1,0,0.005,0.233,0.045,26.73959816,1,NA,26.54,28.11,2.71,31.37,1.17,3.02,9,4,0,0,0,0.310857143
HV,HVD,MV,HV_MV,1,1,0,0.16,0.392,5.391654441,1,NA,26.98,28.2,2.27,31.12,1.29,3.5,14,3,0,0,0,0
HV,HVD,MV,HV_MV,1,0,0.011,0.114,0.058,22.59461688,1,NA,26.98,28.2,2.27,31.12,1.29,3.5,14,3,0,0,0,0
HV,HVE,HV,HV_HV,1,1,0.009,0.025,0.416,10.57465284,1,NA,26.54,28.11,2.71,31.37,1.17,3.02,9,4,0,0,0,0.310857143
HV,HVE,HV,HV_HV,1,0,0.014,0.123,0.083,19.83404859,1,NA,26.54,28.11,2.71,31.37,1.17,3.02,9,4,0,0,0,0.310857143
HV,HVE,MV,HV_MV,1,1,0.013,0.226,0.306,10.35381935,1,NA,26.98,28.2,2.27,31.12,1.29,3.5,14,3,0,0,0,0
HV,HVE,MV,HV_MV,1,0,0.013,0.081,0.05,25.64455191,1,NA,26.98,28.2,2.27,31.12,1.29,3.5,14,3,0,0,0,0
HV,HVK,HV,HV_HV,1,1,0.007,0.088,0.119,15.46759488,1,NA,26.54,28.11,2.71,31.37,1.17,3.02,9,4,0,0,0,0.310857143
HV,HVK,HV,HV_HV,1,0,0.03,0.135,0.021,18.38804656,1,NA,26.54,28.11,2.71,31.37,1.17,3.02,9,4,0,0,0,0.310857143
HV,HVK,MV,HV_MV,1,1,0.006,0.18,0.127,15.15239359,1,NA,26.98,28.2,2.27,31.12,1.29,3.5,14,3,0,0,0,0
HV,HVK,MV,HV_MV,1,0,0.014,0.28,-0.007,15.30331599,1,NA,26.98,28.2,2.27,31.12,1.29,3.5,14,3,0,0,0,0
HV,HVL,HV,HV_HV,1,1,-0.001,0.029,0.203,12.79953743,1,NA,26.54,28.11,2.71,31.37,1.17,3.02,9,4,0,0,0,0.310857143
HV,HVL,HV,HV_HV,1,0,-0.002,0.054,0.03,13.78246572,1,NA,26.54,28.11,2.71,31.37,1.17,3.02,9,4,0,0,0,0.310857143
HV,HVL,MV,HV_MV,1,1,0.007,0.155,0.179,14.69678247,1,NA,26.98,28.2,2.27,31.12,1.29,3.5,14,3,0,0,0,0
HV,HVL,MV,HV_MV,1,0,0.012,0.046,0.043,22.38483872,1,NA,26.98,28.2,2.27,31.12,1.29,3.5,14,3,0,0,0,0
HV,HVM,HV,HV_HV,1,1,0.018,0.05,0.08,11.24972788,1,NA,26.54,28.11,2.71,31.37,1.17,3.02,9,4,0,0,0,0.310857143
HV,HVM,HV,HV_HV,1,0,0.031,0.001,0.009,11.1249928,1,NA,26.54,28.11,2.71,31.37,1.17,3.02,9,4,0,0,0,0.310857143
HV,HVM,MV,HV_MV,1,1,0.025,0.09,0.137,13.38971087,1,NA,26.98,28.2,2.27,31.12,1.29,3.5,14,3,0,0,0,0
HV,HVM,MV,HV_MV,1,0,0.003,0.055,0.059,14.76262163,1,NA,26.98,28.2,2.27,31.12,1.29,3.5,14,3,0,0,0,0
HV,HVN,HV,HV_HV,1,1,-0.023,0.099,0.03,9.598210969,1,NA,26.54,28.11,2.71,31.37,1.17,3.02,9,4,0,0,0,0.310857143
HV,HVN,HV,HV_HV,1,0,0.004,0.063,0.024,11.66555302,1,NA,26.54,28.11,2.71,31.37,1.17,3.02,9,4,0,0,0,0.310857143
HV,HVN,MV,HV_MV,1,1,0.005,0.101,0.097,12.08211049,1,NA,26.98,28.2,2.27,31.12,1.29,3.5,14,3,0,0,0,0
HV,HVN,MV,HV_MV,1,0,0.054,0.055,0.062,15.72731642,1,NA,26.98,28.2,2.27,31.12,1.29,3.5,14,3,0,0,0,0
HV,HVO,HV,HV_HV,1,1,0.007,0.094,0.485,6.223948328,1,NA,26.54,28.11,2.71,31.37,1.17,3.02,9,4,0,0,0,0.310857143
HV,HVO,HV,HV_HV,1,0,0.04,0.074,0.015,19.29164011,1,NA,26.54,28.11,2.71,31.37,1.17,3.02,9,4,0,0,0,0.310857143
HV,HVO,MV,HV_MV,1,1,0.05,0.099,0.701,10.64378986,1,NA,26.98,28.2,2.27,31.12,1.29,3.5,14,3,0,0,0,0
HV,HVO,MV,HV_MV,1,0,0.03,0.11,0.001,20.24557585,1,NA,26.98,28.2,2.27,31.12,1.29,3.5,14,3,0,0,0,0
LV,LVA,HV,LV_HV,1,1,0.029,0.04,0.296,12.63263893,1,NA,26.54,28.11,2.71,31.37,1.17,3.02,9,4,0,0,0,0.310857143
LV,LVA,HV,LV_HV,1,0,0.025,0.138,-0.041,18.38141408,1,NA,26.54,28.11,2.71,31.37,1.17,3.02,9,4,0,0,0,0.310857143
LV,LVA,LV,LV_LV,1,1,0.044,0.03,0.252,14.73333271,1,NA,27.47,27.97,1.6,29.55,1.04,3.34,3,0,0,0,0,0
LV,LVA,LV,LV_LV,1,0,0.041,0.05,-0.017,14.11735679,1,NA,27.47,27.97,1.6,29.55,1.04,3.34,3,0,0,0,0,0
LV,LVB,HV,LV_HV,1,1,0.019,0.045,0.359,12.07639952,1,NA,26.54,28.11,2.71,31.37,1.17,3.02,9,4,0,0,0,0.310857143
LV,LVB,HV,LV_HV,1,0,0.019,0.038,0.049,15.16645874,1,NA,26.54,28.11,2.71,31.37,1.17,3.02,9,4,0,0,0,0.310857143
LV,LVB,LV,LV_LV,1,1,0.018,-0.019,0.274,11.1249928,1,NA,27.47,27.97,1.6,29.55,1.04,3.34,3,0,0,0,0,0
LV,LVB,LV,LV_LV,1,0,0.027,0.103,0.033,18.78898223,1,NA,27.47,27.97,1.6,29.55,1.04,3.34,3,0,0,0,0,0
LV,LVC,HV,LV_HV,1,1,0.045,-0.013,0.314,11.24972788,1,NA,26.54,28.11,2.71,31.37,1.17,3.02,9,4,0,0,0,0.310857143
LV,LVC,HV,LV_HV,1,0,0.045,-0.005,-0.006,25.10420576,1,NA,26.54,28.11,2.71,31.37,1.17,3.02,9,4,0,0,0,0.310857143
LV,LVC,LV,LV_LV,1,1,0.057,0.049,0.243,14.51618816,1,NA,27.47,27.97,1.6,29.55,1.04,3.34,3,0,0,0,0,0
LV,LVC,LV,LV_LV,1,0,0.031,0.036,0.031,22.66441711,1,NA,27.47,27.97,1.6,29.55,1.04,3.34,3,0,0,0,0,0
LV,LVD,HV,LV_HV,1,1,0.011,0.05,0.502,10.63206468,1,NA,26.54,28.11,2.71,31.37,1.17,3.02,9,4,0,0,0,0.310857143
LV,LVD,HV,LV_HV,1,0,0.012,0.093,0.013,20.45143543,1,NA,26.54,28.11,2.71,31.37,1.17,3.02,9,4,0,0,0,0.310857143
LV,LVD,LV,LV_LV,1,1,0.014,0.061,0.411,4.408053938,1,NA,27.47,27.97,1.6,29.55,1.04,3.34,3,0,0,0,0,0
LV,LVD,LV,LV_LV,1,0,0.018,0.078,0.031,16.70231422,1,NA,27.47,27.97,1.6,29.55,1.04,3.34,3,0,0,0,0,0
LV,LVE,HV,LV_HV,1,1,0.009,0.118,0.441,2.478942279,1,NA,26.54,28.11,2.71,31.37,1.17,3.02,9,4,0,0,0,0.310857143
LV,LVE,HV,LV_HV,1,0,0.019,0.14,-0.035,7.836972188,1,NA,26.54,28.11,2.71,31.37,1.17,3.02,9,4,0,0,0,0.310857143
LV,LVE,LV,LV_LV,1,1,0.01,0.081,0.433,0.87927366,1,NA,27.47,27.97,1.6,29.55,1.04,3.34,3,0,0,0,0,0
LV,LVE,LV,LV_LV,1,0,0.03,0.159,0.044,15.37944016,1,NA,27.47,27.97,1.6,29.55,1.04,3.34,3,0,0,0,0,0
LV,LVK,HV,LV_HV,1,1,0.002,0.116,0.632,9.984250114,1,NA,26.54,28.11,2.71,31.37,1.17,3.02,9,4,0,0,0,0.310857143
LV,LVK,HV,LV_HV,1,0,-0.012,0.018,0.075,16.84826462,1,NA,26.54,28.11,2.71,31.37,1.17,3.02,9,4,0,0,0,0.310857143
LV,LVK,LV,LV_LV,1,1,-0.014,0.184,0.318,3.095118317,1,NA,27.47,27.97,1.6,29.55,1.04,3.34,3,0,0,0,0,0
LV,LVK,LV,LV_LV,1,0,-0.009,-0.02,0.031,13.73786968,1,NA,27.47,27.97,1.6,29.55,1.04,3.34,3,0,0,0,0,0
LV,LVL,HV,LV_HV,1,1,0.014,-0.133,0.107,2.174761204,1,NA,26.54,28.11,2.71,31.37,1.17,3.02,9,4,0,0,0,0.310857143
LV,LVL,HV,LV_HV,1,0,0.004,0.017,0.136,9.628230706,1,NA,26.54,28.11,2.71,31.37,1.17,3.02,9,4,0,0,0,0.310857143
LV,LVL,LV,LV_LV,1,1,0.006,-0.049,0.24,5.333042666,1,NA,27.47,27.97,1.6,29.55,1.04,3.34,3,0,0,0,0,0
LV,LVL,LV,LV_LV,1,0,0.005,0.128,0.044,11.90054869,1,NA,27.47,27.97,1.6,29.55,1.04,3.34,3,0,0,0,0,0
LV,LVM,HV,LV_HV,1,1,0.005,0.276,0.241,12.76004177,1,NA,26.54,28.11,2.71,31.37,1.17,3.02,9,4,0,0,0,0.310857143
LV,LVM,HV,LV_HV,1,0,0.009,0.03,0.078,16.26095113,1,NA,26.54,28.11,2.71,31.37,1.17,3.02,9,4,0,0,0,0.310857143
LV,LVM,LV,LV_LV,1,1,-0.005,0.238,0.34,11.27636695,1,NA,27.47,27.97,1.6,29.55,1.04,3.34,3,0,0,0,0,0
LV,LVM,LV,LV_LV,1,0,0.003,0.048,0.067,13.13697027,1,NA,27.47,27.97,1.6,29.55,1.04,3.34,3,0,0,0,0,0
LV,LVN,HV,LV_HV,1,1,-0.009,0.214,0.449,3.164127132,1,NA,26.54,28.11,2.71,31.37,1.17,3.02,9,4,0,0,0,0.310857143
LV,LVN,HV,LV_HV,1,0,0.009,0.041,0.077,15.16761803,1,NA,26.54,28.11,2.71,31.37,1.17,3.02,9,4,0,0,0,0.310857143
LV,LVN,LV,LV_LV,1,1,0.009,0.171,0.668,4.295703866,1,NA,27.47,27.97,1.6,29.55,1.04,3.34,3,0,0,0,0,0
LV,LVN,LV,LV_LV,1,0,0.011,0.101,0.029,18.3085275,1,NA,27.47,27.97,1.6,29.55,1.04,3.34,3,0,0,0,0,0
LV,LVO,HV,LV_HV,1,1,0.007,0.171,0.187,9.656353589,1,NA,26.54,28.11,2.71,31.37,1.17,3.02,9,4,0,0,0,0.310857143
LV,LVO,HV,LV_HV,1,0,NA,0.116,0.07,10.76230957,1,NA,26.54,28.11,2.71,31.37,1.17,3.02,9,4,0,0,0,0.310857143
LV,LVO,LV,LV_LV,1,1,0.008,-0.025,0.188,4.39316589,1,NA,27.47,27.97,1.6,29.55,1.04,3.34,3,0,0,0,0,0
LV,LVO,LV,LV_LV,1,0,-0.003,0.077,0.029,5.931312382,1,NA,27.47,27.97,1.6,29.55,1.04,3.34,3,0,0,0,0,0
MV,MVA,HV,MV_HV,1,1,0.008,0.068,0.111,17.77528947,1,NA,26.54,28.11,2.71,31.37,1.17,3.02,9,4,0,0,0,0.310857143
MV,MVA,HV,MV_HV,1,0,0.006,0.041,-0.052,16.7093493,1,NA,26.54,28.11,2.71,31.37,1.17,3.02,9,4,0,0,0,0.310857143
MV,MVA,MV,MV_MV,1,1,0.011,0.075,0.096,14.00990269,1,NA,26.98,28.2,2.27,31.12,1.29,3.5,14,3,0,0,0,0
MV,MVA,MV,MV_MV,1,0,0.017,0.023,-0.036,17.41104331,1,NA,26.98,28.2,2.27,31.12,1.29,3.5,14,3,0,0,0,0
MV,MVB,HV,MV_HV,1,1,0.011,0.083,0.144,14.24323951,1,NA,26.54,28.11,2.71,31.37,1.17,3.02,9,4,0,0,0,0.310857143
MV,MVB,HV,MV_HV,1,0,0.011,0.114,-0.018,12.81545467,1,NA,26.54,28.11,2.71,31.37,1.17,3.02,9,4,0,0,0,0.310857143
MV,MVB,MV,MV_MV,1,1,0.007,-0.094,0.116,11.2614789,1,NA,26.98,28.2,2.27,31.12,1.29,3.5,14,3,0,0,0,0
MV,MVB,MV,MV_MV,1,0,0.007,-0.059,0.033,21.13826691,1,NA,26.98,28.2,2.27,31.12,1.29,3.5,14,3,0,0,0,0
MV,MVC,HV,MV_HV,1,1,0.01,0.068,0.334,6.052121442,1,NA,26.54,28.11,2.71,31.37,1.17,3.02,9,4,0,0,0,0.310857143
MV,MVC,HV,MV_HV,1,0,0.012,0.096,0.063,10.40586232,1,NA,26.54,28.11,2.71,31.37,1.17,3.02,9,4,0,0,0,0.310857143
MV,MVC,MV,MV_MV,1,1,0.008,-0.091,0.246,6.748525282,1,NA,26.98,28.2,2.27,31.12,1.29,3.5,14,3,0,0,0,0
MV,MVC,MV,MV_MV,1,0,0.009,0.108,0.06,15.68061866,1,NA,26.98,28.2,2.27,31.12,1.29,3.5,14,3,0,0,0,0
MV,MVD,HV,MV_HV,1,1,0,0.057,0.266,4.408053938,1,NA,26.54,28.11,2.71,31.37,1.17,3.02,9,4,0,0,0,0.310857143
MV,MVD,HV,MV_HV,1,0,0.003,0.055,0.006,8.156917556,1,NA,26.54,28.11,2.71,31.37,1.17,3.02,9,4,0,0,0,0.310857143
MV,MVD,MV,MV_MV,1,1,0.012,0.036,0.273,6.546471347,1,NA,26.98,28.2,2.27,31.12,1.29,3.5,14,3,0,0,0,0
MV,MVD,MV,MV_MV,1,0,0.014,0.029,0.062,9.66360345,1,NA,26.98,28.2,2.27,31.12,1.29,3.5,14,3,0,0,0,0
MV,MVEnew,HV,MV_HV,1,1,0.003,0.08,0.095,8.776050931,1,NA,26.54,28.11,2.71,31.37,1.17,3.02,9,4,0,0,0,0.310857143
MV,MVEnew,HV,MV_HV,1,0,0.004,0.069,0.047,16.2964579,1,NA,26.54,28.11,2.71,31.37,1.17,3.02,9,4,0,0,0,0.310857143
MV,MVEnew,MV,MV_MV,1,1,0.01,0.036,0.208,12.86763208,1,NA,26.98,28.2,2.27,31.12,1.29,3.5,14,3,0,0,0,0
MV,MVEnew,MV,MV_MV,1,0,0.011,0.07,-0.013,14.85941555,1,NA,26.98,28.2,2.27,31.12,1.29,3.5,14,3,0,0,0,0
MV,MVK,HV,MV_HV,1,1,0.005,0.05,0.252,8.18575679,1,NA,26.54,28.11,2.71,31.37,1.17,3.02,9,4,0,0,0,0.310857143
MV,MVK,HV,MV_HV,1,0,0.01,0.055,0.087,13.11827389,1,NA,26.54,28.11,2.71,31.37,1.17,3.02,9,4,0,0,0,0.310857143
MV,MVK,MV,MV_MV,1,1,0.016,0.029,0.15,7.413251869,1,NA,26.98,28.2,2.27,31.12,1.29,3.5,14,3,0,0,0,0
MV,MVK,MV,MV_MV,1,0,-0.003,-0.034,0.086,12.04909727,1,NA,26.98,28.2,2.27,31.12,1.29,3.5,14,3,0,0,0,0
MV,MVL,HV,MV_HV,1,1,0.008,0.018,0.26,10.08766057,1,NA,26.54,28.11,2.71,31.37,1.17,3.02,9,4,0,0,0,0.310857143
MV,MVL,HV,MV_HV,1,0,0.007,0.002,0.035,14.32745979,1,NA,26.54,28.11,2.71,31.37,1.17,3.02,9,4,0,0,0,0.310857143
MV,MVL,MV,MV_MV,1,1,0.011,0.02,0.257,11.29551291,1,NA,26.98,28.2,2.27,31.12,1.29,3.5,14,3,0,0,0,0
MV,MVL,MV,MV_MV,1,0,0.009,-0.063,0.028,18.08683429,1,NA,26.98,28.2,2.27,31.12,1.29,3.5,14,3,0,0,0,0
MV,MVM,HV,MV_HV,1,1,0.037,0.079,0.286,8.06494773,1,NA,26.54,28.11,2.71,31.37,1.17,3.02,9,4,0,0,0,0.310857143
MV,MVM,HV,MV_HV,1,0,0.011,0.078,0.085,16.02272898,1,NA,26.54,28.11,2.71,31.37,1.17,3.02,9,4,0,0,0,0.310857143
MV,MVM,MV,MV_MV,1,1,-0.003,0.065,0.386,8.858954623,1,NA,26.98,28.2,2.27,31.12,1.29,3.5,14,3,0,0,0,0
MV,MVM,MV,MV_MV,1,0,0.031,0.073,0.086,23.05031006,1,NA,26.98,28.2,2.27,31.12,1.29,3.5,14,3,0,0,0,0
MV,MVN,HV,MV_HV,1,1,0.025,0.026,0.195,8.899454523,1,NA,26.54,28.11,2.71,31.37,1.17,3.02,9,4,0,0,0,0.310857143
MV,MVN,HV,MV_HV,1,0,-0.01,0.025,0.053,15.80334168,1,NA,26.54,28.11,2.71,31.37,1.17,3.02,9,4,0,0,0,0.310857143
MV,MVN,MV,MV_MV,1,1,0.047,0.051,0.203,13.01088743,1,NA,26.98,28.2,2.27,31.12,1.29,3.5,14,3,0,0,0,0
MV,MVN,MV,MV_MV,1,0,0.008,0.055,0.027,18.59810271,1,NA,26.98,28.2,2.27,31.12,1.29,3.5,14,3,0,0,0,0
MV,MVO,HV,MV_HV,1,1,0.032,0.054,0.094,8.417013246,1,NA,26.54,28.11,2.71,31.37,1.17,3.02,9,4,0,0,0,0.310857143
MV,MVO,HV,MV_HV,1,0,0.027,0.057,-0.009,11.6382144,1,NA,26.54,28.11,2.71,31.37,1.17,3.02,9,4,0,0,0,0.310857143
MV,MVO,MV,MV_MV,1,NA,0.013,NA,NA,NA,0,NA,26.98,28.2,2.27,31.12,1.29,3.5,14,3,0,0,0,0
MV,MVO,MV,MV_MV,1,1,0.036,0.065,0.059,7.940837551,1,NA,26.98,28.2,2.27,31.12,1.29,3.5,14,3,0,0,0,0
MV,MVO,MV,MV_MV,1,0,-0.003,-0.019,0.022,12.58046451,1,NA,26.98,28.2,2.27,31.12,1.29,3.5,14,3,0,0,0,0
HV,HVA,HV,HV_HV,6,1,0.023,0.184,0.407,3.693,1,0,28.7,30.45,2.76,34.27,2.48,5.07,88,36,1.07164881,3.3176875,6.034508929,159.4529435
HV,HVA,HV,HV_HV,6,0,0.042,0.173,0.149,11.807,1,0,28.7,30.45,2.76,34.27,2.48,5.07,88,36,1.07164881,3.3176875,6.034508929,159.4529435
HV,HVA,MV,HV_MV,6,1,0.04,0.193,0.47,0.969,1,0,28.85,30.53,2.6,33.9,2.25,4.4,114,49,0.679247024,1.194845238,6.078443452,93.74379464
HV,HVA,MV,HV_MV,6,0,0.016,0.259,0.12,7.042,1,0,28.85,30.53,2.6,33.9,2.25,4.4,114,49,0.679247024,1.194845238,6.078443452,93.74379464
HV,HVB,HV,HV_HV,6,1,0.018,0.115,0.431,NA,1,1,28.7,30.45,2.76,34.27,2.48,5.07,88,36,1.07164881,3.3176875,6.034508929,159.4529435
HV,HVB,HV,HV_HV,6,0,0.021,0.134,0.015,13.758,1,0,28.7,30.45,2.76,34.27,2.48,5.07,88,36,1.07164881,3.3176875,6.034508929,159.4529435
HV,HVB,MV,HV_MV,6,NA,0.021,-0.001,NA,NA,0,NA,28.85,30.53,2.6,33.9,2.25,4.4,114,49,0.679247024,1.194845238,6.078443452,93.74379464
HV,HVB,MV,HV_MV,6,1,0.027,0.076,0.417,NA,1,0,28.85,30.53,2.6,33.9,2.25,4.4,114,49,0.679247024,1.194845238,6.078443452,93.74379464
HV,HVB,MV,HV_MV,6,0,0.03,0.132,0.012,9.676,1,0,28.85,30.53,2.6,33.9,2.25,4.4,114,49,0.679247024,1.194845238,6.078443452,93.74379464
HV,HVC,HV,HV_HV,6,1,0.016,0.114,0.586,6.756,1,0,28.7,30.45,2.76,34.27,2.48,5.07,88,36,1.07164881,3.3176875,6.034508929,159.4529435
HV,HVC,HV,HV_HV,6,1,0.005,0.181,,,1,0,28.7,30.45,2.76,34.27,2.48,5.07,88,36,1.07164881,3.3176875,6.034508929,159.4529435
HV,HVC,HV,HV_HV,6,0,-0.001,0.183,0.129,10.134,1,0,28.7,30.45,2.76,34.27,2.48,5.07,88,36,1.07164881,3.3176875,6.034508929,159.4529435
HV,HVC,MV,HV_MV,6,1,0.02,0.095,0.455,5.129,1,0,28.85,30.53,2.6,33.9,2.25,4.4,114,49,0.679247024,1.194845238,6.078443452,93.74379464
HV,HVC,MV,HV_MV,6,0,0.019,0.144,0.044,8.422,1,0,28.85,30.53,2.6,33.9,2.25,4.4,114,49,0.679247024,1.194845238,6.078443452,93.74379464
HV,HVD,HV,HV_HV,6,NA,0.012,-0.004,NA,NA,0,NA,28.7,30.45,2.76,34.27,2.48,5.07,88,36,1.07164881,3.3176875,6.034508929,159.4529435
HV,HVD,HV,HV_HV,6,1,0.035,0.129,0.579,12.432,1,0,28.7,30.45,2.76,34.27,2.48,5.07,88,36,1.07164881,3.3176875,6.034508929,159.4529435
HV,HVD,HV,HV_HV,6,0,0.03,0.119,0.043,19.345,1,0,28.7,30.45,2.76,34.27,2.48,5.07,88,36,1.07164881,3.3176875,6.034508929,159.4529435
HV,HVD,MV,HV_MV,6,NA,0.021,0.073,NA,NA,0,1,28.85,30.53,2.6,33.9,2.25,4.4,114,49,0.679247024,1.194845238,6.078443452,93.74379464
HV,HVD,MV,HV_MV,6,1,0.027,0.113,0.582,8.931,1,1,28.85,30.53,2.6,33.9,2.25,4.4,114,49,0.679247024,1.194845238,6.078443452,93.74379464
HV,HVD,MV,HV_MV,6,0,0.018,0.105,0.112,11.549,1,1,28.85,30.53,2.6,33.9,2.25,4.4,114,49,0.679247024,1.194845238,6.078443452,93.74379464
HV,HVE,HV,HV_HV,6,NA,0.017,0.028,NA,NA,0,NA,28.7,30.45,2.76,34.27,2.48,5.07,88,36,1.07164881,3.3176875,6.034508929,159.4529435
HV,HVE,HV,HV_HV,6,1,0.025,0.134,0.397,5.983,1,1,28.7,30.45,2.76,34.27,2.48,5.07,88,36,1.07164881,3.3176875,6.034508929,159.4529435
HV,HVE,HV,HV_HV,6,0,0.019,0.116,-0.083,7.671,1,1,28.7,30.45,2.76,34.27,2.48,5.07,88,36,1.07164881,3.3176875,6.034508929,159.4529435
HV,HVE,MV,HV_MV,6,1,0.008,0.148,0.322,5.642,1,0,28.85,30.53,2.6,33.9,2.25,4.4,114,49,0.679247024,1.194845238,6.078443452,93.74379464
HV,HVE,MV,HV_MV,6,0,0.007,0.168,0.018,8.336,1,1,28.85,30.53,2.6,33.9,2.25,4.4,114,49,0.679247024,1.194845238,6.078443452,93.74379464
HV,HVK,HV,HV_HV,6,1,0,0.172,0.295,7.063,1,0,28.7,30.45,2.76,34.27,2.48,5.07,88,36,1.07164881,3.3176875,6.034508929,159.4529435
HV,HVK,HV,HV_HV,6,0,0.005,0.201,-0.014,9.118,1,0,28.7,30.45,2.76,34.27,2.48,5.07,88,36,1.07164881,3.3176875,6.034508929,159.4529435
HV,HVK,MV,HV_MV,6,1,0.008,0.243,0.253,8.619,1,0,28.85,30.53,2.6,33.9,2.25,4.4,114,49,0.679247024,1.194845238,6.078443452,93.74379464
HV,HVK,MV,HV_MV,6,0,0.002,0.213,0.035,9.556,1,0,28.85,30.53,2.6,33.9,2.25,4.4,114,49,0.679247024,1.194845238,6.078443452,93.74379464
HV,HVL,HV,HV_HV,6,1,NA,0.062,0.273,5.974,1,0,28.7,30.45,2.76,34.27,2.48,5.07,88,36,1.07164881,3.3176875,6.034508929,159.4529435
HV,HVL,HV,HV_HV,6,0,-0.002,0.084,0.058,7.328,1,0,28.7,30.45,2.76,34.27,2.48,5.07,88,36,1.07164881,3.3176875,6.034508929,159.4529435
HV,HVL,MV,HV_MV,6,1,0.002,0.152,0.462,6.452,1,0,28.85,30.53,2.6,33.9,2.25,4.4,114,49,0.679247024,1.194845238,6.078443452,93.74379464
HV,HVL,MV,HV_MV,6,0,0.011,0.038,0.053,9.297,1,0,28.85,30.53,2.6,33.9,2.25,4.4,114,49,0.679247024,1.194845238,6.078443452,93.74379464
HV,HVM,HV,HV_HV,6,0,0.009,0.145,0.065,7.933,1,0,28.7,30.45,2.76,34.27,2.48,5.07,88,36,1.07164881,3.3176875,6.034508929,159.4529435
HV,HVM,MV,HV_MV,6,1,0.006,0.096,0.207,4.677,1,0,28.85,30.53,2.6,33.9,2.25,4.4,114,49,0.679247024,1.194845238,6.078443452,93.74379464
HV,HVM,MV,HV_MV,6,0,0.012,0.083,-0.001,9.466,1,0,28.85,30.53,2.6,33.9,2.25,4.4,114,49,0.679247024,1.194845238,6.078443452,93.74379464
HV,HVN,HV,HV_HV,6,1,0.015,0.136,0.178,6.832,1,0,28.7,30.45,2.76,34.27,2.48,5.07,88,36,1.07164881,3.3176875,6.034508929,159.4529435
HV,HVN,HV,HV_HV,6,0,0.018,0.116,0.068,10.23,1,0,28.7,30.45,2.76,34.27,2.48,5.07,88,36,1.07164881,3.3176875,6.034508929,159.4529435
HV,HVN,MV,HV_MV,6,1,0.011,0.061,0.193,6.541,1,0,28.85,30.53,2.6,33.9,2.25,4.4,114,49,0.679247024,1.194845238,6.078443452,93.74379464
HV,HVN,MV,HV_MV,6,0,0.015,0.141,0.061,9.247,1,0,28.85,30.53,2.6,33.9,2.25,4.4,114,49,0.679247024,1.194845238,6.078443452,93.74379464
HV,HVO,HV,HV_HV,6,1,0.026,0.147,0.324,4.374,1,0,28.7,30.45,2.76,34.27,2.48,5.07,88,36,1.07164881,3.3176875,6.034508929,159.4529435
HV,HVO,HV,HV_HV,6,0,0.024,0.106,0.095,7.946,1,0,28.7,30.45,2.76,34.27,2.48,5.07,88,36,1.07164881,3.3176875,6.034508929,159.4529435
HV,HVO,MV,HV_MV,6,1,0.005,0.107,0.558,6.395,1,0,28.85,30.53,2.6,33.9,2.25,4.4,114,49,0.679247024,1.194845238,6.078443452,93.74379464
HV,HVO,MV,HV_MV,6,0,0.008,0.188,0.042,10.301,1,0,28.85,30.53,2.6,33.9,2.25,4.4,114,49,0.679247024,1.194845238,6.078443452,93.74379464
LV,LVA,HV,LV_HV,6,NA,0.023,0.001,NA,NA,0,NA,28.7,30.45,2.76,34.27,2.48,5.07,88,36,1.07164881,3.3176875,6.034508929,159.4529435
LV,LVA,HV,LV_HV,6,1,0.02,0.063,0.231,9.59,1,0,28.7,30.45,2.76,34.27,2.48,5.07,88,36,1.07164881,3.3176875,6.034508929,159.4529435
LV,LVA,HV,LV_HV,6,0,0,0.043,0.113,11.345,1,0,28.7,30.45,2.76,34.27,2.48,5.07,88,36,1.07164881,3.3176875,6.034508929,159.4529435
LV,LVA,LV,LV_LV,6,1,0.019,0.07,0.036,5.7,1,0,29.35,30.48,1.88,32.91,1.43,3.06,68,20,0.493449405,0.872776786,5.81203869,61.6556101
LV,LVA,LV,LV_LV,6,0,0.02,0.054,0.131,8.679,1,0,29.35,30.48,1.88,32.91,1.43,3.06,68,20,0.493449405,0.872776786,5.81203869,61.6556101
LV,LVB,HV,LV_HV,6,NA,0.025,0.015,NA,NA,0,NA,28.7,30.45,2.76,34.27,2.48,5.07,88,36,1.07164881,3.3176875,6.034508929,159.4529435
LV,LVB,HV,LV_HV,6,NA,0.046,NA,NA,NA,0,NA,28.7,30.45,2.76,34.27,2.48,5.07,88,36,1.07164881,3.3176875,6.034508929,159.4529435
LV,LVB,HV,LV_HV,6,1,0.021,0.029,0.23,11.128,1,0,28.7,30.45,2.76,34.27,2.48,5.07,88,36,1.07164881,3.3176875,6.034508929,159.4529435
LV,LVB,HV,LV_HV,6,1,0.033,0.045,0.25,11.189,1,0,28.7,30.45,2.76,34.27,2.48,5.07,88,36,1.07164881,3.3176875,6.034508929,159.4529435
LV,LVB,LV,LV_LV,6,NA,0.006,0.016,NA,NA,0,NA,29.35,30.48,1.88,32.91,1.43,3.06,68,20,0.493449405,0.872776786,5.81203869,61.6556101
LV,LVB,LV,LV_LV,6,0,0.038,0.052,0.079,5.93,1,0,29.35,30.48,1.88,32.91,1.43,3.06,68,20,0.493449405,0.872776786,5.81203869,61.6556101
LV,LVB,LV,LV_LV,6,0,0.027,0.045,0.106,9.902,1,0,29.35,30.48,1.88,32.91,1.43,3.06,68,20,0.493449405,0.872776786,5.81203869,61.6556101
LV,LVC,HV,LV_HV,6,NA,0.021,-0.01,NA,NA,0,NA,28.7,30.45,2.76,34.27,2.48,5.07,88,36,1.07164881,3.3176875,6.034508929,159.4529435
LV,LVC,HV,LV_HV,6,1,0.018,0.014,0.178,4.825,1,0,28.7,30.45,2.76,34.27,2.48,5.07,88,36,1.07164881,3.3176875,6.034508929,159.4529435
LV,LVC,HV,LV_HV,6,1,0.009,0.061,0.373,21.24,1,0,28.7,30.45,2.76,34.27,2.48,5.07,88,36,1.07164881,3.3176875,6.034508929,159.4529435
LV,LVC,HV,LV_HV,6,0,0.021,0.082,0.062,6.916,1,0,28.7,30.45,2.76,34.27,2.48,5.07,88,36,1.07164881,3.3176875,6.034508929,159.4529435
LV,LVC,LV,LV_LV,6,1,0.033,0.071,0.172,8.694,1,0,29.35,30.48,1.88,32.91,1.43,3.06,68,20,0.493449405,0.872776786,5.81203869,61.6556101
LV,LVD,HV,LV_HV,6,1,0.027,0.031,0.22,9.209,1,0,28.7,30.45,2.76,34.27,2.48,5.07,88,36,1.07164881,3.3176875,6.034508929,159.4529435
LV,LVD,HV,LV_HV,6,0,0.011,0.078,0.031,20.49,1,0,28.7,30.45,2.76,34.27,2.48,5.07,88,36,1.07164881,3.3176875,6.034508929,159.4529435
LV,LVD,LV,LV_LV,6,NA,0.031,-0.01,NA,NA,0,0,29.35,30.48,1.88,32.91,1.43,3.06,68,20,0.493449405,0.872776786,5.81203869,61.6556101
LV,LVD,LV,LV_LV,6,1,0.011,0.096,0.594,10.215,1,0,29.35,30.48,1.88,32.91,1.43,3.06,68,20,0.493449405,0.872776786,5.81203869,61.6556101
LV,LVD,LV,LV_LV,6,0,0.017,0.09,0.018,14.046,1,0,29.35,30.48,1.88,32.91,1.43,3.06,68,20,0.493449405,0.872776786,5.81203869,61.6556101
LV,LVE,HV,LV_HV,6,1,0.022,0.085,0.409,6.534,1,0,28.7,30.45,2.76,34.27,2.48,5.07,88,36,1.07164881,3.3176875,6.034508929,159.4529435
LV,LVE,HV,LV_HV,6,0,0.022,0.117,0.11,11.57,1,0,28.7,30.45,2.76,34.27,2.48,5.07,88,36,1.07164881,3.3176875,6.034508929,159.4529435
LV,LVE,LV,LV_LV,6,1,0.014,0.042,0.574,4.03,1,0,29.35,30.48,1.88,32.91,1.43,3.06,68,20,0.493449405,0.872776786,5.81203869,61.6556101
LV,LVE,LV,LV_LV,6,0,0.013,0.06,0.034,8.915,1,0,29.35,30.48,1.88,32.91,1.43,3.06,68,20,0.493449405,0.872776786,5.81203869,61.6556101
LV,LVK,HV,LV_HV,6,1,0,0.077,0.386,5.529,1,1,28.7,30.45,2.76,34.27,2.48,5.07,88,36,1.07164881,3.3176875,6.034508929,159.4529435
LV,LVK,HV,LV_HV,6,0,0.001,0.079,0.038,12.756,1,0,28.7,30.45,2.76,34.27,2.48,5.07,88,36,1.07164881,3.3176875,6.034508929,159.4529435
LV,LVK,LV,LV_LV,6,1,0.012,0.147,0.458,9.529,1,0,29.35,30.48,1.88,32.91,1.43,3.06,68,20,0.493449405,0.872776786,5.81203869,61.6556101
LV,LVK,LV,LV_LV,6,0,0.035,0.103,0.077,12.067,1,0,29.35,30.48,1.88,32.91,1.43,3.06,68,20,0.493449405,0.872776786,5.81203869,61.6556101
LV,LVL,HV,LV_HV,6,1,0.012,0.117,0.395,8.798,1,0,28.7,30.45,2.76,34.27,2.48,5.07,88,36,1.07164881,3.3176875,6.034508929,159.4529435
LV,LVL,HV,LV_HV,6,0,NA,0.155,0.072,12.651,1,0,28.7,30.45,2.76,34.27,2.48,5.07,88,36,1.07164881,3.3176875,6.034508929,159.4529435
LV,LVL,LV,LV_LV,6,1,0.022,0.216,0.518,16.739,1,0,29.35,30.48,1.88,32.91,1.43,3.06,68,20,0.493449405,0.872776786,5.81203869,61.6556101
LV,LVL,LV,LV_LV,6,0,0.009,0.097,0.053,17.048,1,0,29.35,30.48,1.88,32.91,1.43,3.06,68,20,0.493449405,0.872776786,5.81203869,61.6556101
LV,LVM,HV,LV_HV,6,1,-0.003,0.054,0.247,7.66,1,0,28.7,30.45,2.76,34.27,2.48,5.07,88,36,1.07164881,3.3176875,6.034508929,159.4529435
LV,LVM,HV,LV_HV,6,0,0.011,0.032,0.119,9.527,1,0,28.7,30.45,2.76,34.27,2.48,5.07,88,36,1.07164881,3.3176875,6.034508929,159.4529435
LV,LVM,LV,LV_LV,6,1,0.008,0.051,0.408,9.253,1,0,29.35,30.48,1.88,32.91,1.43,3.06,68,20,0.493449405,0.872776786,5.81203869,61.6556101
LV,LVM,LV,LV_LV,6,0,0.007,0.041,0.086,10.315,1,0,29.35,30.48,1.88,32.91,1.43,3.06,68,20,0.493449405,0.872776786,5.81203869,61.6556101
LV,LVN,HV,LV_HV,6,1,0.006,0.109,0.543,6.748,1,0,28.7,30.45,2.76,34.27,2.48,5.07,88,36,1.07164881,3.3176875,6.034508929,159.4529435
LV,LVN,HV,LV_HV,6,0,0.002,0.059,0.043,8.627,1,0,28.7,30.45,2.76,34.27,2.48,5.07,88,36,1.07164881,3.3176875,6.034508929,159.4529435
LV,LVN,LV,LV_LV,6,1,0.002,0.075,0.345,5.41,1,0,29.35,30.48,1.88,32.91,1.43,3.06,68,20,0.493449405,0.872776786,5.81203869,61.6556101
LV,LVN,LV,LV_LV,6,0,0.001,0.102,0.039,9.164,1,0,29.35,30.48,1.88,32.91,1.43,3.06,68,20,0.493449405,0.872776786,5.81203869,61.6556101
LV,LVO,HV,LV_HV,6,0,0.001,0.082,0.18,7.152,1,1,28.7,30.45,2.76,34.27,2.48,5.07,88,36,1.07164881,3.3176875,6.034508929,159.4529435
LV,LVO,LV,LV_LV,6,1,0.01,0.116,0.096,8.789,1,0,29.35,30.48,1.88,32.91,1.43,3.06,68,20,0.493449405,0.872776786,5.81203869,61.6556101
LV,LVO,LV,LV_LV,6,0,0,0.148,0.024,10.014,1,0,29.35,30.48,1.88,32.91,1.43,3.06,68,20,0.493449405,0.872776786,5.81203869,61.6556101
LV,LVO,LV,LV_LV,6,0,0.017,0.117,0.063,4.968,1,0,29.35,30.48,1.88,32.91,1.43,3.06,68,20,0.493449405,0.872776786,5.81203869,61.6556101
MV,MVA,HV,MV_HV,6,1,0.026,0.081,0.177,9.756,1,0,28.7,30.45,2.76,34.27,2.48,5.07,88,36,1.07164881,3.3176875,6.034508929,159.4529435
MV,MVA,HV,MV_HV,6,0,0.017,0.082,0.058,9.059,1,1,28.7,30.45,2.76,34.27,2.48,5.07,88,36,1.07164881,3.3176875,6.034508929,159.4529435
MV,MVA,MV,MV_MV,6,1,0.023,0.071,0.203,7.508,1,0,28.85,30.53,2.6,33.9,2.25,4.4,114,49,0.679247024,1.194845238,6.078443452,93.74379464
MV,MVA,MV,MV_MV,6,0,0.013,0.124,0.118,6.094,1,0,28.85,30.53,2.6,33.9,2.25,4.4,114,49,0.679247024,1.194845238,6.078443452,93.74379464
MV,MVB,HV,MV_HV,6,1,0.019,0.179,0.113,12.93,1,0,28.7,30.45,2.76,34.27,2.48,5.07,88,36,1.07164881,3.3176875,6.034508929,159.4529435
MV,MVB,HV,MV_HV,6,0,0.011,0.126,0.019,15.682,1,0,28.7,30.45,2.76,34.27,2.48,5.07,88,36,1.07164881,3.3176875,6.034508929,159.4529435
MV,MVB,MV,MV_MV,6,1,0.024,0.193,0.16,10.026,1,0,28.85,30.53,2.6,33.9,2.25,4.4,114,49,0.679247024,1.194845238,6.078443452,93.74379464
MV,MVB,MV,MV_MV,6,0,0.013,0.093,0.113,10.523,1,0,28.85,30.53,2.6,33.9,2.25,4.4,114,49,0.679247024,1.194845238,6.078443452,93.74379464
MV,MVC,HV,MV_HV,6,1,0.016,0.103,0.262,2.754,1,1,28.7,30.45,2.76,34.27,2.48,5.07,88,36,1.07164881,3.3176875,6.034508929,159.4529435
MV,MVC,HV,MV_HV,6,0,0.014,0.099,0.127,10.885,1,0,28.7,30.45,2.76,34.27,2.48,5.07,88,36,1.07164881,3.3176875,6.034508929,159.4529435
MV,MVC,MV,MV_MV,6,1,NA,0.152,0.287,3.466,1,0,28.85,30.53,2.6,33.9,2.25,4.4,114,49,0.679247024,1.194845238,6.078443452,93.74379464
MV,MVC,MV,MV_MV,6,0,-0.001,0.191,0.103,10.084,1,0,28.85,30.53,2.6,33.9,2.25,4.4,114,49,0.679247024,1.194845238,6.078443452,93.74379464
MV,MVD,HV,MV_HV,6,NA,0.001,-0.004,NA,NA,0,NA,28.7,30.45,2.76,34.27,2.48,5.07,88,36,1.07164881,3.3176875,6.034508929,159.4529435
MV,MVD,HV,MV_HV,6,NA,0.015,NA,NA,NA,0,0,28.7,30.45,2.76,34.27,2.48,5.07,88,36,1.07164881,3.3176875,6.034508929,159.4529435
MV,MVD,HV,MV_HV,6,1,0.01,0.108,0.294,11.625,1,0,28.7,30.45,2.76,34.27,2.48,5.07,88,36,1.07164881,3.3176875,6.034508929,159.4529435
MV,MVD,HV,MV_HV,6,0,0.014,0.116,0.018,12.552,1,0,28.7,30.45,2.76,34.27,2.48,5.07,88,36,1.07164881,3.3176875,6.034508929,159.4529435
MV,MVD,MV,MV_MV,6,NA,0.002,0.004,NA,NA,0,NA,28.85,30.53,2.6,33.9,2.25,4.4,114,49,0.679247024,1.194845238,6.078443452,93.74379464
MV,MVD,MV,MV_MV,6,NA,0.002,0.003,NA,NA,0,NA,28.85,30.53,2.6,33.9,2.25,4.4,114,49,0.679247024,1.194845238,6.078443452,93.74379464
MV,MVD,MV,MV_MV,6,1,0.025,0.114,0.143,2.817,1,0,28.85,30.53,2.6,33.9,2.25,4.4,114,49,0.679247024,1.194845238,6.078443452,93.74379464
MV,MVD,MV,MV_MV,6,0,0.015,0.106,0.077,4.948,1,0,28.85,30.53,2.6,33.9,2.25,4.4,114,49,0.679247024,1.194845238,6.078443452,93.74379464
MV,MVEnew,HV,MV_HV,6,NA,-0.003,0.007,NA,NA,0,NA,28.7,30.45,2.76,34.27,2.48,5.07,88,36,1.07164881,3.3176875,6.034508929,159.4529435
MV,MVEnew,HV,MV_HV,6,1,0.002,0.074,0.004,13.861,1,0,28.7,30.45,2.76,34.27,2.48,5.07,88,36,1.07164881,3.3176875,6.034508929,159.4529435
MV,MVEnew,HV,MV_HV,6,0,-0.001,0.114,-0.019,11.733,1,,28.7,30.45,2.76,34.27,2.48,5.07,88,36,1.07164881,3.3176875,6.034508929,159.4529435
MV,MVEnew,MV,MV_MV,6,NA,0.02,NA,NA,NA,1,0,28.85,30.53,2.6,33.9,2.25,4.4,114,49,0.679247024,1.194845238,6.078443452,93.74379464
MV,MVEnew,MV,MV_MV,6,1,-0.006,0.079,0.146,9.797,1,0,28.85,30.53,2.6,33.9,2.25,4.4,114,49,0.679247024,1.194845238,6.078443452,93.74379464
MV,MVEnew,MV,MV_MV,6,0,0.008,0.113,0.026,14.598,1,0,28.85,30.53,2.6,33.9,2.25,4.4,114,49,0.679247024,1.194845238,6.078443452,93.74379464
MV,MVK,HV,MV_HV,6,NA,0.009,0.012,NA,NA,0,NA,28.7,30.45,2.76,34.27,2.48,5.07,88,36,1.07164881,3.3176875,6.034508929,159.4529435
MV,MVK,HV,MV_HV,6,1,0.007,0.156,0.282,5.378,1,0,28.7,30.45,2.76,34.27,2.48,5.07,88,36,1.07164881,3.3176875,6.034508929,159.4529435
MV,MVK,HV,MV_HV,6,0,0.022,0.098,-0.004,10.567,1,0,28.7,30.45,2.76,34.27,2.48,5.07,88,36,1.07164881,3.3176875,6.034508929,159.4529435
MV,MVK,MV,MV_MV,6,1,0.002,0.062,0.154,5.895,1,1,28.85,30.53,2.6,33.9,2.25,4.4,114,49,0.679247024,1.194845238,6.078443452,93.74379464
MV,MVK,MV,MV_MV,6,0,0.006,0.158,0.063,10.092,1,0,28.85,30.53,2.6,33.9,2.25,4.4,114,49,0.679247024,1.194845238,6.078443452,93.74379464
MV,MVL,HV,MV_HV,6,NA,0.007,0.014,NA,NA,0,NA,28.7,30.45,2.76,34.27,2.48,5.07,88,36,1.07164881,3.3176875,6.034508929,159.4529435
MV,MVL,HV,MV_HV,6,NA,0.011,-0.026,NA,NA,0,NA,28.7,30.45,2.76,34.27,2.48,5.07,88,36,1.07164881,3.3176875,6.034508929,159.4529435
MV,MVL,HV,MV_HV,6,NA,0.007,-0.005,NA,NA,0,NA,28.7,30.45,2.76,34.27,2.48,5.07,88,36,1.07164881,3.3176875,6.034508929,159.4529435
MV,MVL,HV,MV_HV,6,NA,0.002,-0.039,NA,NA,0,0,28.7,30.45,2.76,34.27,2.48,5.07,88,36,1.07164881,3.3176875,6.034508929,159.4529435
MV,MVL,HV,MV_HV,6,1,0.005,0.013,0.237,10.478,1,0,28.7,30.45,2.76,34.27,2.48,5.07,88,36,1.07164881,3.3176875,6.034508929,159.4529435
MV,MVL,HV,MV_HV,6,0,0.011,0.041,0.003,12.706,1,0,28.7,30.45,2.76,34.27,2.48,5.07,88,36,1.07164881,3.3176875,6.034508929,159.4529435
MV,MVL,MV,MV_MV,6,NA,0.013,-0.023,NA,NA,0,NA,28.85,30.53,2.6,33.9,2.25,4.4,114,49,0.679247024,1.194845238,6.078443452,93.74379464
MV,MVL,MV,MV_MV,6,1,-0.001,0.079,0.247,14.456,1,0,28.85,30.53,2.6,33.9,2.25,4.4,114,49,0.679247024,1.194845238,6.078443452,93.74379464
MV,MVL,MV,MV_MV,6,0,0.013,0.059,0.122,8.77,1,1,28.85,30.53,2.6,33.9,2.25,4.4,114,49,0.679247024,1.194845238,6.078443452,93.74379464
MV,MVM,HV,MV_HV,6,1,0.006,0.152,0.311,2.165,1,0,28.7,30.45,2.76,34.27,2.48,5.07,88,36,1.07164881,3.3176875,6.034508929,159.4529435
MV,MVM,HV,MV_HV,6,0,0.01,0.134,0.087,7.457,1,0,28.7,30.45,2.76,34.27,2.48,5.07,88,36,1.07164881,3.3176875,6.034508929,159.4529435
MV,MVM,MV,MV_MV,6,1,0.019,0.052,0.327,4.119,1,0,28.85,30.53,2.6,33.9,2.25,4.4,114,49,0.679247024,1.194845238,6.078443452,93.74379464
MV,MVM,MV,MV_MV,6,0,0.022,0.066,0.128,9.554,1,0,28.85,30.53,2.6,33.9,2.25,4.4,114,49,0.679247024,1.194845238,6.078443452,93.74379464
MV,MVN,HV,MV_HV,6,1,0.075,0.039,0.316,23.676,1,0,28.7,30.45,2.76,34.27,2.48,5.07,88,36,1.07164881,3.3176875,6.034508929,159.4529435
MV,MVN,HV,MV_HV,6,1,0.007,0.017,0.177,22.509,1,0,28.7,30.45,2.76,34.27,2.48,5.07,88,36,1.07164881,3.3176875,6.034508929,159.4529435
MV,MVN,HV,MV_HV,6,0,0.031,0.057,0.041,19.708,1,0,28.7,30.45,2.76,34.27,2.48,5.07,88,36,1.07164881,3.3176875,6.034508929,159.4529435
MV,MVN,HV,MV_HV,6,0,0.007,0.033,-0.057,12.528,1,0,28.7,30.45,2.76,34.27,2.48,5.07,88,36,1.07164881,3.3176875,6.034508929,159.4529435
MV,MVN,MV,MV_MV,6,NA,0.009,0.012,NA,NA,0,NA,28.85,30.53,2.6,33.9,2.25,4.4,114,49,0.679247024,1.194845238,6.078443452,93.74379464
MV,MVN,MV,MV_MV,6,NA,0.039,0.005,NA,NA,0,0,28.85,30.53,2.6,33.9,2.25,4.4,114,49,0.679247024,1.194845238,6.078443452,93.74379464
MV,MVN,MV,MV_MV,6,NA,0.017,0.006,NA,NA,0,NA,28.85,30.53,2.6,33.9,2.25,4.4,114,49,0.679247024,1.194845238,6.078443452,93.74379464
MV,MVN,MV,MV_MV,6,NA,0.037,0,NA,NA,0,NA,28.85,30.53,2.6,33.9,2.25,4.4,114,49,0.679247024,1.194845238,6.078443452,93.74379464
MV,MVN,MV,MV_MV,6,1,0.022,0.019,0.133,23.884,1,0,28.85,30.53,2.6,33.9,2.25,4.4,114,49,0.679247024,1.194845238,6.078443452,93.74379464
MV,MVN,MV,MV_MV,6,0,0.017,0.035,-0.053,12.94,1,0,28.85,30.53,2.6,33.9,2.25,4.4,114,49,0.679247024,1.194845238,6.078443452,93.74379464
MV,MVO,MV,MV_MV,6,1,0.013,0.058,0.107,8.756,1,0,28.85,30.53,2.6,33.9,2.25,4.4,114,49,0.679247024,1.194845238,6.078443452,93.74379464
MV,MVO,MV,MV_MV,6,0,0.022,0.099,-0.045,12.674,1,0,28.85,30.53,2.6,33.9,2.25,4.4,114,49,0.679247024,1.194845238,6.078443452,93.74379464
HV,HVA,HV,HV_HV,24,NA,0.08,0.429,NA,NA,1,0,,,,,,,,,,,,
HV,HVA,HV,HV_HV,24,NA,0.18,0.523,NA,NA,1,0,,,,,,,,,,,,
HV,HVA,HV,HV_HV,24,NA,0.15,0.95,NA,NA,1,0,,,,,,,,,,,,
HV,HVA,HV,HV_HV,24,NA,0.139,0.472,NA,NA,1,0,,,,,,,,,,,,
HV,HVA,MV,HV_MV,24,NA,0.044,0.609,NA,NA,1,0,,,,,,,,,,,,
HV,HVA,MV,HV_MV,24,NA,0.024,0.566,NA,NA,1,0,,,,,,,,,,,,
HV,HVA,MV,HV_MV,24,NA,0.054,NA,NA,NA,NA,0,,,,,,,,,,,,
HV,HVA,MV,HV_MV,24,NA,0.014,0.486,NA,NA,1,0,,,,,,,,,,,,
HV,HVB,HV,HV_HV,24,NA,NA,0.289,NA,NA,1,1,,,,,,,,,,,,
HV,HVB,HV,HV_HV,24,NA,0.037,0.099,NA,NA,1,0,,,,,,,,,,,,
HV,HVB,HV,HV_HV,24,NA,0.038,0.293,NA,NA,1,1,,,,,,,,,,,,
HV,HVB,HV,HV_HV,24,NA,0.011,0.054,NA,NA,1,0,,,,,,,,,,,,
HV,HVB,MV,HV_MV,24,NA,0.033,0.213,NA,NA,1,0,,,,,,,,,,,,
HV,HVB,MV,HV_MV,24,NA,0.036,0.12,NA,NA,1,0,,,,,,,,,,,,
HV,HVB,MV,HV_MV,24,NA,0.013,0.192,NA,NA,1,0,,,,,,,,,,,,
HV,HVC,HV,HV_HV,24,NA,0.033,NA,NA,NA,NA,,,,,,,,,,,,,
HV,HVC,HV,HV_HV,24,NA,0.04,0.195,NA,NA,1,1,,,,,,,,,,,,
HV,HVC,HV,HV_HV,24,NA,0.14,0.217,NA,NA,1,1,,,,,,,,,,,,
HV,HVC,MV,HV_MV,24,NA,0.132,0.27,NA,NA,1,1,,,,,,,,,,,,
HV,HVC,MV,HV_MV,24,NA,0.015,0.281,NA,NA,1,1,,,,,,,,,,,,
HV,HVC,MV,HV_MV,24,NA,0.012,0.235,NA,NA,1,1,,,,,,,,,,,,
HV,HVC,MV,HV_MV,24,NA,0.035,0.159,NA,NA,1,0,,,,,,,,,,,,
HV,HVD,HV,HV_HV,24,NA,0.006,0.054,NA,NA,1,0,,,,,,,,,,,,
HV,HVD,HV,HV_HV,24,NA,0.035,0.171,NA,NA,1,0,,,,,,,,,,,,
HV,HVD,HV,HV_HV,24,NA,NA,0.207,NA,NA,1,0,,,,,,,,,,,,
HV,HVD,MV,HV_MV,24,NA,0.007,0.13,NA,NA,0,0,,,,,,,,,,,,
HV,HVD,MV,HV_MV,24,NA,0.009,0.126,NA,NA,1,0,,,,,,,,,,,,
HV,HVD,MV,HV_MV,24,NA,0.021,0.112,NA,NA,1,1,,,,,,,,,,,,
HV,HVE,HV,HV_HV,24,NA,0.032,0.074,NA,NA,1,0,,,,,,,,,,,,
HV,HVE,HV,HV_HV,24,NA,0.005,0.22,NA,NA,1,1,,,,,,,,,,,,
HV,HVE,HV,HV_HV,24,NA,0.051,0.199,NA,NA,1,1,,,,,,,,,,,,
HV,HVE,MV,HV_MV,24,NA,0.029,NA,NA,NA,NA,0,,,,,,,,,,,,
HV,HVE,MV,HV_MV,24,NA,0.046,NA,NA,NA,0,NA,,,,,,,,,,,,
HV,HVE,MV,HV_MV,24,NA,0.04,0.231,NA,NA,1,1,,,,,,,,,,,,
HV,HVE,MV,HV_MV,24,NA,0.043,0.195,NA,NA,1,1,,,,,,,,,,,,
HV,HVK,HV,HV_HV,24,NA,0.065,0.623,NA,NA,1,0,,,,,,,,,,,,
HV,HVK,HV,HV_HV,24,NA,0.041,0.307,NA,NA,1,0,,,,,,,,,,,,
HV,HVK,HV,HV_HV,24,NA,0.065,0.091,NA,NA,1,0,,,,,,,,,,,,
HV,HVK,HV,HV_HV,24,NA,0.059,0.083,NA,NA,1,1,,,,,,,,,,,,
HV,HVK,MV,HV_MV,24,NA,0.026,0.577,NA,NA,1,0,,,,,,,,,,,,
HV,HVK,MV,HV_MV,24,NA,NA,0.349,NA,NA,1,0,,,,,,,,,,,,
HV,HVK,MV,HV_MV,24,NA,0.02,0.047,NA,NA,1,0,,,,,,,,,,,,
HV,HVK,MV,HV_MV,24,NA,0.029,0.577,NA,NA,1,0,,,,,,,,,,,,
HV,HVL,HV,HV_HV,24,NA,0.003,0.208,NA,NA,1,0,,,,,,,,,,,,
HV,HVL,HV,HV_HV,24,NA,0.028,0.039,NA,NA,1,0,,,,,,,,,,,,
HV,HVL,HV,HV_HV,24,NA,NA,0.2,NA,NA,1,0,,,,,,,,,,,,
HV,HVL,HV,HV_HV,24,NA,0.018,NA,NA,NA,NA,0,,,,,,,,,,,,
HV,HVL,MV,HV_MV,24,NA,0.005,0.111,NA,NA,1,0,,,,,,,,,,,,
HV,HVL,MV,HV_MV,24,NA,0.038,0.102,NA,NA,1,0,,,,,,,,,,,,
HV,HVL,MV,HV_MV,24,NA,0.042,0.175,NA,NA,1,0,,,,,,,,,,,,
HV,HVL,MV,HV_MV,24,NA,0.039,0.149,NA,NA,1,0,,,,,,,,,,,,
HV,HVM,HV,HV_HV,24,NA,0.032,0.041,NA,NA,1,0,,,,,,,,,,,,
HV,HVM,HV,HV_HV,24,NA,0.035,0.063,NA,NA,1,0,,,,,,,,,,,,
HV,HVM,HV,HV_HV,24,NA,0.039,0.049,NA,NA,1,0,,,,,,,,,,,,
HV,HVM,HV,HV_HV,24,NA,0.019,0.144,NA,NA,1,0,,,,,,,,,,,,
HV,HVM,HV,HV_HV,24,NA,0.016,0.046,NA,NA,1,0,,,,,,,,,,,,
HV,HVM,HV,HV_HV,24,NA,0.031,0.253,NA,NA,1,0,,,,,,,,,,,,
HV,HVM,MV,HV_MV,24,NA,0.031,0.038,NA,NA,1,0,,,,,,,,,,,,
HV,HVM,MV,HV_MV,24,NA,0.057,0.145,NA,NA,1,0,,,,,,,,,,,,
HV,HVM,MV,HV_MV,24,NA,0.114,0.191,NA,NA,1,0,,,,,,,,,,,,
HV,HVN,HV,HV_HV,24,NA,0.087,0.241,NA,NA,1,0,,,,,,,,,,,,
HV,HVN,HV,HV_HV,24,NA,0.025,0.148,NA,NA,1,0,,,,,,,,,,,,
HV,HVN,HV,HV_HV,24,NA,0.015,0.29,NA,NA,1,0,,,,,,,,,,,,
HV,HVN,HV,HV_HV,24,NA,0.034,0.296,NA,NA,1,0,,,,,,,,,,,,
HV,HVN,MV,HV_MV,24,NA,0.007,0.356,NA,NA,1,0,,,,,,,,,,,,
HV,HVN,MV,HV_MV,24,NA,0.018,0.24,NA,NA,1,0,,,,,,,,,,,,
HV,HVN,MV,HV_MV,24,NA,0.019,0.216,NA,NA,1,0,,,,,,,,,,,,
HV,HVN,MV,HV_MV,24,NA,0.02,0.074,NA,NA,1,1,,,,,,,,,,,,
HV,HVO,HV,HV_HV,24,NA,0.021,0.344,NA,NA,1,0,,,,,,,,,,,,
HV,HVO,HV,HV_HV,24,NA,0.019,0.256,NA,NA,1,0,,,,,,,,,,,,
HV,HVO,HV,HV_HV,24,NA,0.045,0.37,NA,NA,1,0,,,,,,,,,,,,
HV,HVO,HV,HV_HV,24,NA,0.07,0.337,NA,NA,1,0,,,,,,,,,,,,
HV,HVO,MV,HV_MV,24,NA,0.028,0.077,NA,NA,1,0,,,,,,,,,,,,
HV,HVO,MV,HV_MV,24,NA,0.054,0.167,NA,NA,1,0,,,,,,,,,,,,
HV,HVO,MV,HV_MV,24,NA,0.038,0.288,NA,NA,1,0,,,,,,,,,,,,
HV,HVO,MV,HV_MV,24,NA,0.034,0.309,NA,NA,1,0,,,,,,,,,,,,
LV,LVA,HV,LV_HV,24,NA,0.017,0.148,NA,NA,1,0,,,,,,,,,,,,
LV,LVA,HV,LV_HV,24,NA,0.031,NA,NA,NA,0,0,,,,,,,,,,,,
LV,LVA,HV,LV_HV,24,NA,NA,0.133,NA,NA,1,0,,,,,,,,,,,,
LV,LVA,LV,LV_LV,24,NA,0.036,0.153,NA,NA,1,0,,,,,,,,,,,,
LV,LVA,LV,LV_LV,24,NA,0.027,0.113,NA,NA,1,0,,,,,,,,,,,,
LV,LVA,LV,LV_LV,24,NA,0.033,0.071,NA,NA,1,0,,,,,,,,,,,,
LV,LVA,LV,LV_LV,24,NA,0.066,0.104,NA,NA,1,0,,,,,,,,,,,,
LV,LVB,HV,LV_HV,24,NA,0.068,0.155,NA,NA,1,0,,,,,,,,,,,,
LV,LVB,HV,LV_HV,24,NA,0.104,0.02,NA,NA,1,0,,,,,,,,,,,,
LV,LVB,LV,LV_LV,24,NA,0.102,0.136,NA,NA,1,0,,,,,,,,,,,,
LV,LVB,LV,LV_LV,24,NA,NA,0.122,NA,NA,1,0,,,,,,,,,,,,
LV,LVB,LV,LV_LV,24,NA,0.133,0.071,NA,NA,1,0,,,,,,,,,,,,
LV,LVC,HV,LV_HV,24,NA,0.068,0.161,NA,NA,1,0,,,,,,,,,,,,
LV,LVC,HV,LV_HV,24,NA,0.025,NA,NA,NA,0,0,,,,,,,,,,,,
LV,LVC,LV,LV_LV,24,NA,0.049,0.196,NA,NA,1,0,,,,,,,,,,,,
LV,LVC,LV,LV_LV,24,NA,0.052,0.16,NA,NA,1,0,,,,,,,,,,,,
LV,LVC,LV,LV_LV,24,NA,0.058,0.128,NA,NA,1,0,,,,,,,,,,,,
LV,LVC,LV,LV_LV,24,NA,0.039,0.172,NA,NA,1,0,,,,,,,,,,,,
LV,LVC,LV,LV_LV,24,NA,0.028,0.25,NA,NA,1,0,,,,,,,,,,,,
LV,LVD,HV,LV_HV,24,NA,0.018,0.077,NA,NA,1,0,,,,,,,,,,,,
LV,LVD,HV,LV_HV,24,NA,0.022,0.035,NA,NA,1,0,,,,,,,,,,,,
LV,LVD,HV,LV_HV,24,NA,0.018,0.253,NA,NA,1,0,,,,,,,,,,,,
LV,LVD,HV,LV_HV,24,NA,NA,0.262,NA,NA,1,0,,,,,,,,,,,,
LV,LVD,LV,LV_LV,24,NA,NA,0.185,NA,NA,1,0,,,,,,,,,,,,
LV,LVD,LV,LV_LV,24,NA,0.038,0.135,NA,NA,1,0,,,,,,,,,,,,
LV,LVD,LV,LV_LV,24,NA,0.037,0.252,NA,NA,1,0,,,,,,,,,,,,
LV,LVE,HV,LV_HV,24,NA,0.139,0.274,NA,NA,1,0,,,,,,,,,,,,
LV,LVE,HV,LV_HV,24,NA,0.076,0.196,NA,NA,1,0,,,,,,,,,,,,
LV,LVE,HV,LV_HV,24,NA,0.013,0.215,NA,NA,1,1,,,,,,,,,,,,
LV,LVE,HV,LV_HV,24,NA,0.118,0.243,NA,NA,1,0,,,,,,,,,,,,
LV,LVE,LV,LV_LV,24,NA,0.026,0.243,NA,NA,1,0,,,,,,,,,,,,
LV,LVE,LV,LV_LV,24,NA,0.023,0.14,NA,NA,1,0,,,,,,,,,,,,
LV,LVE,LV,LV_LV,24,NA,0.041,0.183,NA,NA,1,0,,,,,,,,,,,,
LV,LVE,LV,LV_LV,24,NA,0.021,0.158,NA,NA,1,0,,,,,,,,,,,,
LV,LVK,HV,LV_HV,24,NA,0.005,0.116,NA,NA,1,1,,,,,,,,,,,,
LV,LVK,HV,LV_HV,24,NA,0.044,0.089,NA,NA,1,0,,,,,,,,,,,,
LV,LVK,HV,LV_HV,24,NA,0.039,0.189,NA,NA,1,0,,,,,,,,,,,,
LV,LVK,HV,LV_HV,24,NA,0.049,0.142,NA,NA,1,0,,,,,,,,,,,,
LV,LVK,LV,LV_LV,24,NA,0.031,0.104,NA,NA,1,0,,,,,,,,,,,,
LV,LVK,LV,LV_LV,24,NA,0.036,0.143,NA,NA,1,0,,,,,,,,,,,,
LV,LVK,LV,LV_LV,24,NA,0.012,0.209,NA,NA,1,0,,,,,,,,,,,,
LV,LVK,LV,LV_LV,24,NA,0.014,0.144,NA,NA,1,0,,,,,,,,,,,,
LV,LVL,HV,LV_HV,24,NA,0.027,0.326,NA,NA,1,0,,,,,,,,,,,,
LV,LVL,HV,LV_HV,24,NA,0.043,0.657,NA,NA,1,0,,,,,,,,,,,,
LV,LVL,HV,LV_HV,24,NA,0.06,0.52,NA,NA,1,0,,,,,,,,,,,,
LV,LVL,HV,LV_HV,24,NA,0.017,0.125,NA,NA,1,0,,,,,,,,,,,,
LV,LVL,LV,LV_LV,24,NA,0.025,0.437,NA,NA,1,0,,,,,,,,,,,,
LV,LVL,LV,LV_LV,24,NA,0.025,0.758,NA,NA,1,0,,,,,,,,,,,,
LV,LVL,LV,LV_LV,24,NA,0.021,0.588,NA,NA,1,0,,,,,,,,,,,,
LV,LVL,LV,LV_LV,24,NA,0.024,0.322,NA,NA,1,0,,,,,,,,,,,,
LV,LVM,HV,LV_HV,24,NA,0.031,0.106,NA,NA,1,0,,,,,,,,,,,,
LV,LVM,HV,LV_HV,24,NA,0.024,0.208,NA,NA,1,0,,,,,,,,,,,,
LV,LVM,HV,LV_HV,24,NA,0.028,0.042,NA,NA,1,0,,,,,,,,,,,,
LV,LVM,HV,LV_HV,24,NA,0.03,0.095,NA,NA,1,0,,,,,,,,,,,,
LV,LVM,LV,LV_LV,24,NA,0.046,0.044,NA,NA,1,0,,,,,,,,,,,,
LV,LVM,LV,LV_LV,24,NA,0.031,0.07,NA,NA,1,0,,,,,,,,,,,,
LV,LVM,LV,LV_LV,24,NA,0.035,0.133,NA,NA,1,0,,,,,,,,,,,,
LV,LVM,LV,LV_LV,24,NA,0.035,0.099,NA,NA,1,0,,,,,,,,,,,,
LV,LVN,HV,LV_HV,24,NA,0.037,0.116,NA,NA,1,0,,,,,,,,,,,,
LV,LVN,HV,LV_HV,24,NA,0.014,0.121,NA,NA,1,0,,,,,,,,,,,,
LV,LVN,HV,LV_HV,24,NA,0.017,0.135,NA,NA,1,0,,,,,,,,,,,,
LV,LVN,HV,LV_HV,24,NA,0.033,0.135,NA,NA,1,0,,,,,,,,,,,,
LV,LVN,LV,LV_LV,24,NA,0.03,0.161,NA,NA,1,0,,,,,,,,,,,,
LV,LVN,LV,LV_LV,24,NA,0.024,NA,NA,NA,NA,NA,,,,,,,,,,,,
LV,LVN,LV,LV_LV,24,NA,0.035,0.232,NA,NA,1,0,,,,,,,,,,,,
LV,LVN,LV,LV_LV,24,NA,0.013,0.171,NA,NA,1,0,,,,,,,,,,,,
LV,LVO,HV,LV_HV,24,NA,0.009,0.121,NA,NA,1,0,,,,,,,,,,,,
LV,LVO,HV,LV_HV,24,NA,0.015,0.372,NA,NA,1,1,,,,,,,,,,,,
LV,LVO,HV,LV_HV,24,NA,0.044,0.18,NA,NA,1,0,,,,,,,,,,,,
LV,LVO,HV,LV_HV,24,NA,0.054,0.44,NA,NA,1,1,,,,,,,,,,,,
LV,LVO,HV,LV_HV,24,NA,0.027,0.216,NA,NA,1,0,,,,,,,,,,,,
LV,LVO,LV,LV_LV,24,NA,0.023,0.266,NA,NA,1,0,,,,,,,,,,,,
LV,LVO,LV,LV_LV,24,NA,0.023,0.434,NA,NA,1,0,,,,,,,,,,,,
LV,LVO,LV,LV_LV,24,NA,0.023,0.481,NA,NA,1,0,,,,,,,,,,,,
MV,MVA,HV,MV_HV,24,NA,0.041,0.287,NA,NA,1,1,,,,,,,,,,,,
MV,MVA,HV,MV_HV,24,NA,0.017,0.269,NA,NA,1,1,,,,,,,,,,,,
MV,MVA,HV,MV_HV,24,NA,0.007,0.115,NA,NA,1,1,,,,,,,,,,,,
MV,MVA,HV,MV_HV,24,NA,0.042,0.044,NA,NA,1,1,,,,,,,,,,,,
MV,MVA,MV,MV_MV,24,NA,0.024,0.134,NA,NA,1,0,,,,,,,,,,,,
MV,MVA,MV,MV_MV,24,NA,0.026,0.185,NA,NA,1,0,,,,,,,,,,,,
MV,MVA,MV,MV_MV,24,NA,0.048,0.147,NA,NA,1,0,,,,,,,,,,,,
MV,MVA,MV,MV_MV,24,NA,0.05,0.163,NA,NA,1,0,,,,,,,,,,,,
MV,MVB,HV,MV_HV,24,NA,0.08,0.269,NA,NA,1,0,,,,,,,,,,,,
MV,MVB,HV,MV_HV,24,NA,NA,0.154,NA,NA,1,0,,,,,,,,,,,,
MV,MVB,HV,MV_HV,24,NA,0.025,0.237,NA,NA,1,0,,,,,,,,,,,,
MV,MVB,HV,MV_HV,24,NA,0.064,0.304,NA,NA,1,0,,,,,,,,,,,,
MV,MVB,HV,MV_HV,24,NA,0.053,0.312,NA,NA,1,0,,,,,,,,,,,,
MV,MVB,MV,MV_MV,24,NA,0.038,0.204,NA,NA,1,0,,,,,,,,,,,,
MV,MVB,MV,MV_MV,24,NA,0.02,0.22,NA,NA,1,0,,,,,,,,,,,,
MV,MVB,MV,MV_MV,24,NA,0.063,0.188,NA,NA,1,0,,,,,,,,,,,,
MV,MVC,HV,MV_HV,24,NA,0.08,0.4,NA,NA,1,0,,,,,,,,,,,,
MV,MVC,HV,MV_HV,24,NA,0.065,NA,NA,NA,0,NA,,,,,,,,,,,,
MV,MVC,HV,MV_HV,24,NA,0.046,0.176,NA,NA,1,0,,,,,,,,,,,,
MV,MVC,MV,MV_MV,24,NA,0.04,0.176,NA,NA,1,0,,,,,,,,,,,,
MV,MVC,MV,MV_MV,24,NA,0.06,0.201,NA,NA,1,0,,,,,,,,,,,,
MV,MVC,MV,MV_MV,24,NA,0.091,0.304,NA,NA,1,0,,,,,,,,,,,,
MV,MVC,MV,MV_MV,24,NA,0.005,0.222,NA,NA,1,0,,,,,,,,,,,,
MV,MVD,HV,MV_HV,24,NA,0.062,0.482,NA,NA,1,0,,,,,,,,,,,,
MV,MVD,HV,MV_HV,24,NA,0.034,0.356,NA,NA,1,0,,,,,,,,,,,,
MV,MVD,MV,MV_MV,24,NA,0.034,0.263,NA,NA,1,0,,,,,,,,,,,,
MV,MVD,MV,MV_MV,24,NA,0.039,0.235,NA,NA,1,0,,,,,,,,,,,,
MV,MVEnew,HV,MV_HV,24,NA,0.026,0.255,NA,NA,1,0,,,,,,,,,,,,
MV,MVEnew,HV,MV_HV,24,NA,0.007,0.134,NA,NA,1,0,,,,,,,,,,,,
MV,MVEnew,MV,MV_MV,24,NA,0.04,0.371,NA,NA,1,0,,,,,,,,,,,,
MV,MVEnew,MV,MV_MV,24,NA,0.025,0.114,NA,NA,1,0,,,,,,,,,,,,
MV,MVEnew,MV,MV_MV,24,NA,0.023,0.139,NA,NA,1,0,,,,,,,,,,,,
MV,MVK,HV,MV_HV,24,NA,0.011,0.416,NA,NA,1,0,,,,,,,,,,,,
MV,MVK,HV,MV_HV,24,NA,0.017,0.501,NA,NA,1,0,,,,,,,,,,,,
MV,MVK,HV,MV_HV,24,NA,0.022,0.414,NA,NA,1,0,,,,,,,,,,,,
MV,MVK,MV,MV_MV,24,NA,0.022,0.248,NA,NA,1,0,,,,,,,,,,,,
MV,MVK,MV,MV_MV,24,NA,0.012,0.233,NA,NA,1,0,,,,,,,,,,,,
MV,MVK,MV,MV_MV,24,NA,0.039,0.164,NA,NA,1,0,,,,,,,,,,,,
MV,MVK,MV,MV_MV,24,NA,0.025,0.231,NA,NA,1,0,,,,,,,,,,,,
MV,MVL,MV,MV_MV,24,NA,0.021,0.085,NA,NA,1,0,,,,,,,,,,,,
MV,MVL,MV,MV_MV,24,NA,0.027,0.056,NA,NA,1,0,,,,,,,,,,,,
MV,MVL,MV,MV_MV,24,NA,0.043,0.093,NA,NA,1,0,,,,,,,,,,,,
MV,MVM,HV,MV_HV,24,NA,0.033,0.321,NA,NA,1,0,,,,,,,,,,,,
MV,MVM,HV,MV_HV,24,NA,0.021,0.265,NA,NA,1,0,,,,,,,,,,,,
MV,MVM,HV,MV_HV,24,NA,0.03,0.354,NA,NA,1,0,,,,,,,,,,,,
MV,MVM,HV,MV_HV,24,NA,0.028,0.488,NA,NA,1,0,,,,,,,,,,,,
MV,MVM,MV,MV_MV,24,NA,0.023,0.319,NA,NA,1,0,,,,,,,,,,,,
MV,MVM,MV,MV_MV,24,NA,0.031,0.34,NA,NA,1,0,,,,,,,,,,,,
MV,MVM,MV,MV_MV,24,NA,0.023,0.173,NA,NA,1,0,,,,,,,,,,,,
MV,MVM,MV,MV_MV,24,NA,0.017,0.101,NA,NA,1,0,,,,,,,,,,,,
MV,MVN,HV,MV_HV,24,NA,0.018,0.028,NA,NA,1,1,,,,,,,,,,,,
MV,MVN,HV,MV_HV,24,NA,0.031,0.449,NA,NA,1,NA,,,,,,,,,,,,
MV,MVO,HV,MV_HV,24,NA,0.025,0.168,NA,NA,1,2,,,,,,,,,,,,
MV,MVO,HV,MV_HV,24,NA,0.101,0.188,NA,NA,1,1,,,,,,,,,,,,
MV,MVO,HV,MV_HV,24,NA,0.157,0.214,NA,NA,1,1,,,,,,,,,,,,
MV,MVO,HV,MV_HV,24,NA,0.104,0.146,NA,NA,1,1,,,,,,,,,,,,
MV,MVO,HV,MV_HV,24,NA,0.048,0.038,NA,NA,1,1,,,,,,,,,,,,
MV,MVO,HV,MV_HV,24,NA,0.049,0.847,NA,NA,1,1,28.7,30.45,2.76,34.27,2.48,5.07,88,36,,,,
MV,MVO,MV,MV_MV,24,NA,0.007,0.162,NA,NA,1,1,,,,,,,,,,,,
MV,MVO,MV,MV_MV,24,NA,0.012,0.175,NA,NA,1,1,,,,,,,,,,,,
MV,MVO,MV,MV_MV,24,NA,0.021,0.157,NA,NA,1,1,,,,,,,,,,,,